seed,structuredStateId,randomPositionStateId,elementCount,structuredTotal,randomPositionTotal,delta,hierarchy_weightedDelta,grouping_weightedDelta,structure_weightedDelta,flow_weightedDelta,spatial_weightedDelta,harmony_weightedDelta
22,809c2124,672ad19f,13,62.5738,62.6064,-0.0327,-5.3779,-0.503,6.2359,-0.875,0.4874,0
26,57d2ea6a,e449ed09,7,63.9227,65.666,-1.7433,-4.0354,-4.4518,4.2667,1.75,0.7272,0
29,9626d4be,d469f5b0,9,66.7428,68.136,-1.3932,-4.7399,-0.4963,5.2148,-1.6875,0.3158,0
41,2bbe2b10,17cdeab2,11,64.9124,65.2113,-0.2989,-4.1095,-1.9803,6.9818,-1.65,0.4591,0
56,a91fc802,2497f945,11,72.3586,72.4508,-0.0923,-5.3188,0.3849,6.5939,-1.95,0.1977,0
60,65fdc0f4,c31d3fcc,10,69.7862,71.3744,-1.5882,-8.8171,-0.4401,6.4,1,0.269,0
76,1f8847f3,249220c5,12,62.8061,64.0005,-1.1944,-5.0759,0.3077,6.0444,-3,0.5294,0
153,f8976ed1,18822443,9,69.894,71.6991,-1.805,-4.8407,-2.346,5.2148,0.5625,-0.3957,0
161,8e5f220a,e01c3696,7,61.0184,63.6764,-2.658,-4.1643,-4.7898,6.7048,-0.75,0.3413,0
171,600efb1d,d36069fa,7,59.4146,60.4872,-1.0726,-4.6068,0.0063,7.3143,-4.5,0.7136,0
176,c3738146,6759dc13,10,66.5896,69.6088,-3.0191,-5.659,-0.731,5.5467,-2.5,0.3242,0
199,f1e6c44f,cdf80721,10,71.0201,72.1811,-1.161,-4.8267,-1.4148,5.5467,0,-0.4662,0
209,004dcb9e,ead23a9b,8,62.4565,63.0425,-0.586,-4.3803,-2.4867,7.4667,-1.2857,0.1,0
220,31b6ed6c,7d8ccc2f,14,70.6767,72.0796,-1.4029,-5.2334,-0.9847,6.0952,-1.2692,-0.0108,0
235,e733b686,a77abaec,8,63.0965,63.2566,-0.16,-5.1835,0.2313,6.9333,-2.3571,0.216,0
241,f825cee2,533734ad,9,68.541,69.0419,-0.5009,-4.3411,-2.3276,7.1111,-1.6875,0.7442,0
273,c3cf4a49,ec013149,8,64.1305,66.5595,-2.4291,-3.8856,-4.4038,5.3333,-0.6429,1.1698,0
287,eb268fe4,19f51da5,9,63.8978,69.2217,-5.3239,-9.5284,1.0987,6.163,-3.9375,0.8803,0
296,050db810,a5a60ce9,11,70.1195,71.3552,-1.2358,-4.9975,-0.8087,5.8182,-1.65,0.4022,0
324,729f1814,eb07a9f2,8,68.9726,70.0261,-1.0535,-4.7706,-0.9424,5.3333,0,-0.6738,0
326,276ff1c6,b2c443b7,9,68.9512,70.8359,-1.8847,-4.5667,0.2569,5.6889,-2.625,-0.6388,0
344,9897b1a6,ed167e42,7,58.7748,59.6384,-0.8636,-3.7898,-0.574,5.4857,-1,-0.9855,0
357,afd6bd95,5b33aacf,12,62.1508,63.7774,-1.6266,-4.9897,-0.7631,5.6889,-1.3636,-0.199,0
360,bf50f077,bd22732a,13,71.2189,71.9668,-0.7479,-4.6009,-1.7136,5.5795,-0.75,0.7371,0
361,e2b72a7a,f493f1a6,12,68.8883,70.8997,-2.0114,-3.9902,-1.5446,4.9778,-2.3182,0.8638,0
390,1033ca68,c1a69d9d,8,69.6276,70.1605,-0.5329,-4.5898,-1.8845,7.4667,-2.3571,0.8319,0
416,acf9066e,e554ba32,10,64.6493,65.5895,-0.9403,-4.7563,-1.2058,5.9733,-1.3333,0.3819,0
422,dacb31a6,2130ccf6,8,61.898,61.9724,-0.0744,-4.439,-1.3382,8,-2.1429,-0.1543,0
458,55f74add,4a0e46ed,10,70.8568,71.3989,-0.542,-4.1467,-0.8228,4.6933,-0.1667,-0.0992,0
476,c04a9ee1,474bd48d,12,71.1363,72.4962,-1.3599,-5.396,-1.8285,6.4,-0.5455,0.01,0
492,0860eb73,6d2d8393,11,71.2521,71.5968,-0.3447,-4.2422,-0.1569,5.0424,-1.05,0.062,0
506,be382ea8,ffc93169,13,62.6078,64.3463,-1.7385,-4.6728,-2.4976,6.2359,-1.125,0.321,0
514,90cce7e1,7c7d0fb8,9,67.8287,67.8419,-0.0131,-3.9893,-1.4597,6.637,-1.125,-0.0761,0
569,aeaed802,aaf8ea07,9,67.1082,67.396,-0.2878,-4.7814,-4.2191,7.1111,0.5625,1.0391,0
577,6756f223,5017f735,9,65.6837,65.9891,-0.3054,-0.2047,-2.8402,6.163,-3.5625,0.139,0
587,37a176b9,f841f1a2,13,66.2132,69.6002,-3.387,-9.1216,-1.0453,7.5487,-1,0.2311,0
597,20100e91,1c0588c6,8,59.8488,61.3947,-1.5459,-4.8795,-0.7206,5.8667,-1.5,-0.3124,0
606,ced8c1b6,9aee090b,11,68.094,68.6524,-0.5584,-5.015,-1.733,6.2061,0,-0.0165,0
609,7f6a0cbb,cdc94550,10,69.3166,71.6371,-2.3205,-5.2029,-1.5904,6.4,-1.8333,-0.0939,0
613,f09dfb50,ea520261,9,64.7994,70.9235,-6.1241,-5.9042,-4.7501,5.6889,-1.3125,0.1539,0
624,d8642089,eafb866a,13,74.0627,75.0024,-0.9397,-5.3208,-0.3016,5.2513,-0.875,0.3064,0
627,ccb23edd,ec3e7ac6,9,62.2041,63.4083,-1.2042,-4.2798,-1.1897,4.2667,-0.5625,0.5611,0
631,5ae84e57,02d772be,9,67.5968,67.8432,-0.2464,-5.0372,-2.199,6.163,0,0.8269,0
642,9c540d27,d4b7aeed,13,61.4069,62.3375,-0.9305,-4.5052,-1.6383,5.5795,-1,0.6335,0
647,43f500db,cd944096,7,61.2162,61.8717,-0.6555,-5.2423,-2.5823,6.0952,0.75,0.3238,0
666,bdab2565,32d3e66f,7,61.6521,62.2227,-0.5706,-4.7716,-1.7831,5.4857,0,0.4983,0
679,9fa72538,02e1743a,8,68.3186,71.9927,-3.6742,-4.9016,-4.0407,4.8,-0.2143,0.6824,0
685,9b513e29,eb3fcc45,11,72.4388,72.7029,-0.2641,-3.599,-3.2282,5.0424,0,1.5207,0
686,e73434e7,452415a5,7,60.8357,62.5351,-1.6994,-4.5877,-1.6807,4.8762,-0.25,-0.0571,0
698,84d13bfc,9edfc8ac,11,71.7007,74.5881,-2.8874,-4.192,-5.5993,5.4303,1.05,0.4236,0
708,6d641c25,8473ac47,10,72.0596,72.2711,-0.2114,-5.2857,0.4947,5.12,-0.8333,0.2929,0
734,8efc886b,0d20243b,10,69.57,71.2888,-1.7188,-4.9479,-0.099,6.4,-3.3333,0.2615,0
759,76ee8c95,9015cfac,9,66.2584,66.8404,-0.582,-5.4254,0.3187,5.6889,-1.125,-0.0392,0
766,3fadfa72,793faf97,9,62.0806,62.3121,-0.2315,-4.1566,-0.1466,6.163,-2.625,0.5337,0
772,506b095d,b98802b7,8,65.6114,66.2664,-0.6549,-5.125,-0.1952,6.4,-2.1429,0.4082,0
795,513dc67a,9a7c8012,10,63.7827,64.3179,-0.5352,-5.1265,-0.1554,5.12,0,-0.3732,0
796,1cb431d8,7cfcee5a,7,59.8688,61.2391,-1.3703,-5.5484,0.577,4.8762,-2,0.725,0
811,6c6e5a30,0d487c3b,6,61.4562,64.2351,-2.7788,-4.5946,-2.0607,5.6889,-2.4,0.5875,0
821,ec13ff06,6f481b6c,10,63.1184,63.6488,-0.5304,-4.4467,-0.1225,5.12,-1.6667,0.5855,0
848,2aea3b9b,85dc3e13,7,68.431,69.7904,-1.3594,-5.1112,-1.5397,5.4857,-0.25,0.0557,0
858,4bfb4470,3ea68728,6,64.0868,65.7015,-1.6147,-4.5762,-4.9138,5.6889,2.1,0.0864,0
859,150e24b2,5f5ec1d7,12,70.7273,72.8269,-2.0997,-5.4121,-1.0657,4.9778,-0.9545,0.355,0
860,e3b516d5,2aedebd1,9,61.8883,63.2698,-1.3815,-4.9728,-2.8215,6.163,-1.125,1.3748,0
876,5b2c123b,40af9b50,7,70.6993,70.8758,-0.1765,-4.393,-2.9485,6.0952,0.75,0.3197,0
892,08cd6c02,8179e6f9,9,69.6046,70.4921,-0.8875,-4.7797,-1.1146,6.163,-1.3125,0.1564,0
894,25744e05,eb9f5183,9,61.3779,66.6843,-5.3064,-5.1191,-4.5923,5.6889,-1.5,0.2162,0
896,24593a25,cfc1c4bf,4,60.6866,70.6038,-9.9172,-4.4801,-6.8822,5.3333,-3.5,-0.3883,0
903,a8b225b7,c0a16574,7,61.127,62.2794,-1.1524,-4.8853,-2.4096,6.0952,0,0.0473,0
909,ed4b4ff8,1db414bd,6,64.3011,64.6481,-0.3469,-4.5745,-0.341,4.9778,0,-0.4093,0
914,4261fb7d,92d857f4,7,70.5486,72.297,-1.7484,-4.9844,1.1192,4.8762,-3.25,0.4906,0
934,8d594c29,49f79798,8,63.3789,64.7987,-1.4198,-5.0532,0.6972,4.8,-1.7143,-0.1495,0
947,bf643e59,1b85fd85,8,62.9034,66.2874,-3.384,-5.3432,-5.604,6.9333,0.8571,-0.2273,0
949,7d297c36,ae31b34d,10,73.7564,73.942,-0.1856,-5.6005,-2.3365,5.9733,1.8333,-0.0552,0
960,d33c549e,594bdfe3,7,67.5492,69.4121,-1.8628,-4.1203,-1.3104,5.4857,-2,0.0821,0
965,03feede9,76f3fe76,6,60.3694,63.3772,-3.0078,-3.8438,-2.5097,5.6889,-2.1,-0.2432,0
972,aa1633f1,5a239622,10,64.0006,69.2472,-5.2466,-5.1515,-5.2753,5.12,-1,1.0602,0
973,047d0c1c,0bc96b02,8,68.1429,68.1954,-0.0525,-4.8767,-0.0051,6.4,-1.5,-0.0708,0
980,3468a82b,e978aa37,8,67.3916,69.5905,-2.1989,-4.3515,-2.322,5.8667,-1.5,0.108,0
981,be40c60b,8e57ba5c,10,63.1653,63.1842,-0.0189,-5.1758,-0.565,6.4,-1.1667,0.4885,0
984,95f0e1ff,74957c33,11,63.2218,63.5746,-0.3528,-4.8957,-1.279,5.4303,0.15,0.2416,0
985,f49774a3,aa205e1b,11,71.3544,72.7316,-1.3771,-4.6148,-2.4555,6.5939,-0.6,-0.3008,0
993,452076f2,ad97e29d,8,62.7942,63.7465,-0.9523,-4.4055,-1.4066,5.8667,-1.2857,0.2789,0
1011,d5b44ea2,9667c86c,7,55.4446,58.3994,-2.9548,-5.2242,-2.6379,5.4857,-1.5,0.9216,0
1013,1be287a1,1cc0a646,8,64.3624,65.6794,-1.317,-5.139,-1.4233,4.8,0.4286,0.0167,0
1029,ee105613,bc6e22c8,7,68.6317,69.0793,-0.4475,-5.1861,1.1839,4.8762,-2,0.6784,0
1066,d61a0165,8d960719,6,65.6742,71.0881,-5.4138,-9.0453,-0.5171,5.6889,-1.2,-0.3403,0
1074,af31847c,cb505385,9,64.9506,66.5173,-1.5668,-5.4574,-0.6932,5.6889,-1.125,0.02,0
1093,8d2d58be,3ab98cb8,9,71.6136,72.1029,-0.4893,-4.6584,-0.7606,6.637,-1.3125,-0.3949,0
1097,eeb7270b,fb4458d6,8,67.4522,68.7806,-1.3284,-4.3738,-4.1365,6.9333,-0.6429,0.8914,0
1106,f31f4857,394eb094,11,68.4066,69.0069,-0.6003,-5.7146,1.2809,5.0424,-1.95,0.741,0
1107,a3b12ba1,9565e93b,8,60.3373,61.3107,-0.9734,-4.5067,-1.2884,5.3333,-0.4286,-0.0832,0
1126,ba4bb58a,be77e694,13,64.6078,66.7699,-2.1621,-10.0875,0.2563,6.2359,0.375,1.0582,0
1133,db661261,72fa24bf,11,68.8821,70.1235,-1.2414,-6.0218,-0.7837,5.4303,0,0.1337,0
1135,cb9ae9cc,f35147b9,8,58.9456,60.6226,-1.6771,-4.6924,-0.0499,6.9333,-3.8571,-0.011,0
1154,b7128c62,3af4e6b2,6,69.0629,73.885,-4.8222,-4.406,-3.1942,4.2667,-1.8,0.3114,0
1161,396dff61,f8c9c9e6,11,64.4729,65.4354,-0.9626,-3.8196,-3.1306,5.8182,-0.45,0.6195,0
1163,79b013c4,a36a3213,11,68.7631,71.3138,-2.5507,-4.3473,-2.5314,5.8182,-1.5,0.0099,0
1189,0b8ab998,2f29e0bc,8,69.4018,70.6654,-1.2636,-4.8134,-1.0748,5.3333,-1.5,0.7913,0
1193,32a6aad3,4df225b6,11,71.6156,72.9693,-1.3537,-3.6447,-4.848,6.2061,1.35,-0.4172,0
1206,f1d841a0,170bd5af,10,60.4092,60.852,-0.4428,-4.8838,-1.8552,6.4,-0.6667,0.5629,0
1208,798aac45,b0e14879,11,69.0942,69.4301,-0.336,-4.8515,-1.2006,6.9818,-1.05,-0.2157,0
1212,b25a2166,b364faf8,11,62.5766,63.8652,-1.2886,-5.0942,-1.4421,5.8182,-0.45,-0.1205,0
1218,f78d4c5f,b134eb48,7,67.938,67.9971,-0.059,-5.0944,-1.1616,4.8762,0.75,0.5708,0
1224,057998d4,5907dcc6,7,67.6205,67.8593,-0.2387,-5.341,-2.2769,6.7048,0,0.6744,0
1237,d041ff64,6654ce60,9,66.2751,67.8584,-1.5833,-9.5514,-1.5879,6.637,1.6875,1.2315,0
1245,a56642ee,ac5f2c2f,11,70.659,70.9018,-0.2428,-5.3885,-0.2772,5.8182,-0.6,0.2047,0
1272,b962b946,b0b34124,10,69.864,70.1437,-0.2796,-5.372,0.08,5.12,0,-0.1077,0
1279,a128e8ca,bc2ffbf1,10,69.8354,70.8595,-1.024,-5.0883,-1.0729,5.5467,-0.5,0.0905,0
1291,55de26c1,0a1da964,10,71.6675,72.106,-0.4385,-5.4791,0.1747,5.12,-0.6667,0.4126,0
1302,5115e5c1,d5aa385e,11,66.5174,67.6452,-1.1278,-9.4956,-0.126,6.9818,1.5,0.012,0
1306,8bffdcce,95e3581b,12,62.8619,63.5864,-0.7245,-4.1559,-1.1831,6.0444,-1.5,0.0701,0
1307,893fc556,e0adb57b,15,69.7016,72.086,-2.3844,-4.7416,-1.7693,6.2578,-2.0357,-0.0955,0
1317,05b5cd54,27e22992,10,66.2404,66.2595,-0.0191,-4.7486,-1.3483,6.8267,-1.1667,0.4177,0
1321,5809a97d,92f1da46,9,64.1447,66.3915,-2.2468,-4.667,-2.6831,5.2148,-1.125,1.0136,0
1322,e38dbcba,75f2f757,11,63.1831,63.6999,-0.5169,-5.3371,-1.0149,5.8182,0.3,-0.283,0
1325,f2fc9292,cb1659a4,10,61.6465,62.5263,-0.8798,-4.2527,-1.4154,5.9733,-1,-0.185,0
1329,95afd097,12a31df5,8,59.4766,64.6803,-5.2037,-4.9965,-8.089,8,-0.8571,0.739,0
1331,f0c9db94,fee055f9,9,68.8783,69.5805,-0.7022,-4.2308,-2.2579,6.637,-0.75,-0.1006,0
1333,a0ca1376,00de44ab,9,69.189,70.1663,-0.9773,-4.7992,-2.0012,5.6889,0.75,-0.6158,0
1338,5145b84f,2149e24f,7,62.7903,64.5605,-1.7702,-4.0894,-4.4575,6.0952,0.25,0.4315,0
1374,966dccb0,72d4b5b0,8,65.7074,67.7802,-2.0728,-9.541,0.918,5.8667,0,0.6835,0
1382,5d0c7a1b,20da48a5,9,64.1993,65.0694,-0.8701,-4.3863,-0.692,6.637,-3,0.5711,0
1393,78460525,5b0edd00,8,57.3154,62.3264,-5.011,-9.4792,-1.0535,5.8667,-0.6429,0.298,0
1401,8cd0bbac,609e9486,8,65.8883,66.5883,-0.7,-4.8341,-1.3911,6.9333,-2.1429,0.7346,0
1405,6c1b0868,7f645784,9,65.2428,68.2704,-3.0275,-9.3055,0.2256,5.2148,0,0.8375,0
1416,60caf471,5b4e90a0,12,69.5247,71.7218,-2.1971,-5.1304,-2.4921,6.7556,-1.3636,0.0334,0
1434,93f61f73,800ab11a,4,60.6867,61.7784,-1.0917,-9.1009,3.8491,5.3333,-1.5,0.3267,0
1453,e2471ad4,a071d513,7,59.2072,63.591,-4.3837,-4.7086,-2.9107,6.7048,-3,-0.4692,0
1468,c9653979,eac34494,10,70.712,71.1863,-0.4744,-4.8219,-2.03,5.9733,-0.1667,0.571,0
1474,d0efbf03,ff524e52,11,70.0878,70.4838,-0.3961,-5.167,-1.321,5.8182,0.3,-0.0262,0
1489,48759a32,c5061b22,8,70.5759,70.9116,-0.3357,-4.7026,0.7874,3.2,0,0.3795,0
1496,52cad77b,7e52ec1a,11,64.5153,64.5962,-0.0809,-4.4237,-1.9359,6.2061,-0.9,0.9726,0
1497,8a8b3e2e,7bc991a5,9,68.9316,70.5451,-1.6135,-9.0184,1.2009,7.1111,-0.1875,-0.7196,0
1511,8ccedcc9,2360a551,11,65.0772,67.0196,-1.9425,-8.7624,0.5507,6.9818,-0.6,-0.1125,0
1512,fc354430,a54c58f8,10,66.3104,68.8632,-2.5528,-8.7354,-0.5518,5.5467,-0.1667,1.3544,0
1520,b445c510,4949fe4c,10,71.4632,71.8393,-0.3761,-4.8125,-2.5115,6.8267,0,0.1213,0
1539,a715854c,70c88f10,10,61.5255,63.3949,-1.8694,-4.8939,-1.6024,5.9733,-2.1667,0.8202,0
1568,08373229,43fdea0b,11,62.5988,63.2748,-0.6759,-5.0253,-1.8203,7.3697,-1.35,0.15,0
1586,ed523d09,78ec01fd,12,65.6787,66.3221,-0.6434,-3.9173,-2.3159,6.4,-1.5,0.6898,0
1605,4de4abae,a05a8397,2,50.447,50.7329,-0.2859,-1.2178,0,6.4,-4.5,-0.9681,0
1607,d6a9eb92,eeb1bde5,10,61.5356,62.1797,-0.6441,-4.6444,-0.8656,6.8267,-1.8333,-0.1274,0
1656,2b0dd880,55bf562e,11,65.0171,66.2791,-1.2621,-4.2928,-3.5617,6.9818,-0.6,0.2106,0
1673,87f7455c,f105d963,10,62.6452,62.7651,-0.1199,-4.8945,-0.8001,6.8267,-2.5,1.2481,0
1685,60a98253,f77ab9a6,7,61.1648,66.51,-5.3452,-6.1853,-4.0203,6.0952,-1.75,0.5151,0
1691,1e6b9b3b,3f7e434a,13,65.1302,66.0455,-0.9153,-9.6089,-0.8262,6.8923,1.875,0.7525,0
1692,ccb38dd8,a755b3a9,6,63.8917,67.8389,-3.9472,-4.7165,-3.8588,3.5556,0.9,0.1726,0
1703,01b63714,d5427133,7,62.6257,63.8403,-1.2146,-5.1348,-0.4471,5.4857,-2,0.8817,0
1710,2f997b9a,98868809,14,66.8915,68.0466,-1.1551,-9.4119,0.5688,6.7048,0.3462,0.6371,0
1748,1471d66f,4419b8ef,11,67.276,67.444,-0.168,-9.0541,2.1325,6.9818,0,-0.2282,0
1749,5b5a4284,fcff315c,8,62.9823,63.214,-0.2316,-3.9103,-1.0887,4.8,0,-0.0326,0
1750,1bbe9dd1,d1e50b18,6,62.4098,64.3303,-1.9205,-4.8636,-2.5907,5.6889,-0.3,0.1448,0
1770,44899853,eba9be3b,9,67.0888,69.3897,-2.3009,-9.0885,-2.041,7.5852,1.6875,-0.4441,0
1777,3f949913,d6466876,8,66.4097,67.1128,-0.7031,-9.5427,1.1385,6.9333,1.0714,-0.3036,0
1783,07b52ed0,35215db6,12,67.8663,69.9813,-2.115,-5.3236,-0.962,4.9778,-0.9545,0.1474,0
1785,d82b750b,6c19a364,10,62.285,62.7439,-0.4588,-4.9287,-2.7673,5.9733,0.1667,1.0972,0
1804,a747f549,3d4e10ba,7,64.2601,64.8115,-0.5515,-5.2059,-3.1147,7.9238,-1.25,1.0954,0
1810,69596c18,884daa52,12,72.2853,72.472,-0.1866,-3.5735,-0.4335,5.3333,-1.5,-0.013,0
1818,892c60e4,392baebb,11,63.5785,65.1091,-1.5306,-4.3116,-3.0752,5.4303,0.45,-0.0241,0
1836,c3ce507f,45444bdd,8,65.1165,65.4624,-0.3459,-8.9811,0.0775,7.4667,-0.4286,1.5196,0
1839,3bf5a297,eeb784e9,9,66.2087,69.4776,-3.2689,-9.0345,0.1526,5.6889,-0.5625,0.4866,0
1845,b563600c,95c451f4,12,69.8772,70.0499,-0.1727,-5.0275,-0.3706,6.4,-0.9545,-0.22,0
1849,81ff1716,eeadb47c,13,68.0306,68.1389,-0.1084,-5.3393,0.4259,6.5641,-0.875,-0.884,0
1852,71b5c80e,637cdb27,9,69.2525,73.0423,-3.7898,-5.3562,-2.5639,5.2148,-1.3125,0.228,0
1858,6b41932d,cb3897a1,7,62.3441,67.724,-5.3799,-9.4573,-0.3021,6.0952,-2.5,0.7842,0
1893,062d5103,bfd13870,10,61.8764,62.9921,-1.1157,-4.347,-1.7272,6.8267,-3,1.1318,0
1922,61f780ac,3dd37bdf,6,71.4886,71.8915,-0.4028,-4.6223,-6.7017,6.4,4.2,0.3212,0
1924,f1da60a5,99318cf1,7,59.8604,62.1822,-2.3218,-4.3645,-0.9669,5.4857,-2.5,0.0239,0
1946,e7ee2b66,2f68fbb2,9,59.2748,61.5657,-2.291,-4.6504,-3.8565,6.163,0.375,-0.3221,0
1947,ed5fad91,97a56713,9,62.9554,63.1912,-0.2359,-3.5076,-0.1918,6.163,-2.625,-0.0745,0
1949,c2152ffa,4cf99c03,10,70.597,71.5909,-0.9938,-5.1868,0.1907,5.5467,-1.6667,0.1223,0
1954,85bb9a13,5a22b895,9,61.2414,62.7605,-1.5191,-5.0947,-1.6448,6.163,-1.5,0.5575,0
1975,857d3a61,aa5ffa4f,12,68.4164,69.3265,-0.9101,-4.5488,0.0098,6.7556,-2.7273,-0.3993,0
1981,4049603c,f847fffc,11,71.1052,74.0978,-2.9926,-5.2349,-2.3978,4.6545,0.3,-0.3144,0
1986,9c0e5263,407b1da1,9,61.9838,62.3603,-0.3765,-4.8298,-0.5743,8.0593,-2.0625,-0.9692,0